knee,knee_r,hip,hip_r,ankle,ankle_r,elbow,elbow_r,step_length
164.0514153463757,165.56753798218216,170.69655462550884,170.53865619694372,163.47707390502003,123.56718216537982,157.5174175013283,158.4162817458268,10.601324696540853

